Percentage,Bot Predictions,Top Predictions
0.0,"['a', 'a', 'b', 'b', 'a', 'a', 'b', 'a', 'b', 'b', 'b', 'a', 'b', 'a', 'b', 'b', 'b', 'a', 'b', 'b', 'b', 'b', 'b', 'b', 'b', 'a', 'a', 'b', 'a', 'a', 'b', 'b', 'a', 'b', 'a', 'b', 'a', 'a', 'b', 'b', 'b', 'b', 'b', 'a', 'a', 'b', 'b', 'b', 'a', 'a', 'b', 'a', 'b', 'b', 'b', 'b', 'b', 'b', 'b', 'b', 'b', 'a', 'b', 'a', 'a', 'b', 'a', 'a', 'b', 'b', 'b', 'b', 'b', 'a', 'a', 'b', 'b', 'b', 'b', 'b', 'a', 'a', 'b', 'a', 'b', 'a', 'a', 'a', 'b', 'b', 'a', 'b', 'b', 'a', 'b', 'b', 'b', 'a', 'b', 'a', 'a', 'b', 'b', 'b', 'b', 'a', 'b', 'b', 'b', 'a', 'b', 'a', 'a', 'a', 'a', 'a', 'a', 'a', 'a', 'b', 'b', 'b', 'a', 'a', 'b', 'a', 'b', 'a', 'b', 'a', 'b', 'b', 'b', 'a', 'b', 'b', 'b', 'b', 'b', 'a', 'b', 'a', 'b', 'a', 'a', 'a', 'b', 'a', 'b', 'a', 'a', 'a', 'b', 'b', 'a', 'b', 'b', 'b', 'b', 'b', 'b', 'b', 'a', 'b', 'a', 'b', 'b', 'b', 'b', 'b', 'b', 'a', 'a', 'a', 'b', 'b', 'a', 'b', 'a', 'b', 'b', 'b', 'a', 'a', 'a', 'a', 'b', 'b', 'b', 'b', 'b', 'b', 'b', 'b', 'a', 'a', 'a', 'a', 'b', 'a', 'b', 'b', 'a', 'b', 'b', 'b', 'b', 'b', 'b', 'b', 'b', 'b', 'a', 'a', 'a', 'b', 'b', 'b', 'a', 'a', 'a', 'a', 'b', 'b', 'a', 'b', 'b', 'b', 'b', 'a', 'b', 'b', 'b', 'a', 'b', 'b', 'a', 'a', 'b', 'a', 'a', 'b', 'a', 'a', 'a', 'b', 'a', 'a', 'b', 'a', 'a', 'b', 'a', 'b', 'a', 'a', 'a', 'a', 'a', 'a', 'a', 'a', 'b', 'b', 'a', 'b', 'b', 'a', 'b', 'b', 'a', 'b', 'b', 'a', 'a', 'b', 'b', 'a', 'a', 'a', 'a', 'b', 'a', 'a', 'b', 'a', 'a', 'b', 'b', 'b', 'b', 'a', 'b', 'b', 'a', 'a', 'a', 'a', 'b', 'a', 'a', 'a', 'b', 'b', 'b', 'b', 'a', 'a', 'b', 'b', 'b', 'a', 'a', 'a', 'a', 'b', 'b', 'a', 'b', 'a', 'b', 'b', 'a', 'a', 'a', 'a', 'a', 'b', 'b', 'a', 'b', 'a', 'b', 'a', 'a', 'b', 'b', 'b', 'a', 'a', 'b', 'b', 'b']","['a', 'a', 'b', 'b', 'a', 'a', 'b', 'a', 'b', 'b', 'b', 'a', 'b', 'a', 'b', 'b', 'b', 'a', 'b', 'b', 'b', 'b', 'b', 'b', 'b', 'a', 'a', 'b', 'a', 'a', 'b', 'b', 'a', 'b', 'a', 'b', 'a', 'a', 'b', 'b', 'b', 'b', 'b', 'a', 'a', 'b', 'b', 'b', 'a', 'a', 'b', 'a', 'b', 'b', 'b', 'b', 'b', 'b', 'b', 'b', 'b', 'a', 'b', 'a', 'a', 'b', 'a', 'a', 'b', 'b', 'b', 'b', 'b', 'a', 'a', 'b', 'b', 'b', 'b', 'b', 'a', 'a', 'b', 'a', 'b', 'a', 'a', 'a', 'b', 'b', 'a', 'b', 'b', 'a', 'b', 'b', 'b', 'a', 'b', 'a', 'a', 'b', 'b', 'b', 'b', 'a', 'b', 'b', 'b', 'a', 'b', 'a', 'a', 'a', 'a', 'a', 'a', 'a', 'a', 'b', 'b', 'b', 'a', 'a', 'b', 'a', 'b', 'a', 'b', 'a', 'b', 'b', 'b', 'a', 'b', 'b', 'b', 'b', 'b', 'a', 'b', 'a', 'b', 'a', 'a', 'a', 'b', 'a', 'b', 'a', 'a', 'a', 'b', 'b', 'a', 'b', 'b', 'b', 'b', 'b', 'b', 'b', 'a', 'b', 'a', 'b', 'b', 'b', 'b', 'b', 'b', 'a', 'a', 'a', 'b', 'b', 'a', 'b', 'a', 'b', 'b', 'b', 'a', 'a', 'a', 'a', 'b', 'b', 'b', 'b', 'b', 'b', 'b', 'b', 'a', 'a', 'a', 'a', 'b', 'a', 'b', 'b', 'a', 'b', 'b', 'b', 'b', 'b', 'b', 'b', 'b', 'b', 'a', 'a', 'a', 'b', 'b', 'b', 'a', 'a', 'a', 'a', 'b', 'b', 'a', 'b', 'b', 'b', 'b', 'a', 'b', 'b', 'b', 'a', 'b', 'b', 'a', 'a', 'b', 'a', 'a', 'b', 'a', 'a', 'a', 'b', 'a', 'a', 'b', 'a', 'a', 'b', 'a', 'b', 'a', 'a', 'a', 'a', 'a', 'a', 'a', 'a', 'b', 'b', 'a', 'b', 'b', 'a', 'b', 'b', 'a', 'b', 'b', 'a', 'a', 'b', 'b', 'a', 'a', 'a', 'a', 'b', 'a', 'a', 'b', 'a', 'a', 'b', 'b', 'b', 'b', 'a', 'b', 'b', 'a', 'a', 'a', 'a', 'b', 'a', 'a', 'a', 'b', 'b', 'b', 'b', 'a', 'a', 'b', 'b', 'b', 'a', 'a', 'a', 'a', 'b', 'b', 'a', 'b', 'a', 'b', 'b', 'a', 'a', 'a', 'a', 'a', 'b', 'b', 'a', 'b', 'a', 'b', 'a', 'a', 'b', 'b', 'b', 'a', 'a', 'b', 'b', 'b']"
0.005,"['a', 'a', 'a', 'a', 'a', 'a', 'a', 'a', 'b', 'b', 'a', 'a', 'a', 'a', 'b', 'b', 'a', 'a', 'b', 'b', 'b', 'a', 'a', 'a', 'b', 'a', 'a', 'b', 'a', 'a', 'b', 'a', 'a', 'a', 'a', 'b', 'a', 'a', 'a', 'b', 'b', 'a', 'b', 'a', 'a', 'a', 'a', 'b', 'a', 'a', 'b', 'a', 'b', 'b', 'b', 'a', 'b', 'a', 'b', 'a', 'b', 'a', 'a', 'a', 'a', 'b', 'a', 'a', 'b', 'b', 'b', 'a', 'b', 'a', 'a', 'b', 'b', 'b', 'b', 'a', 'a', 'a', 'b', 'a', 'a', 'a', 'a', 'a', 'b', 'a', 'a', 'a', 'a', 'a', 'a', 'a', 'a', 'a', 'b', 'a', 'a', 'a', 'b', 'b', 'b', 'a', 'a', 'a', 'b', 'a', 'b', 'a', 'a', 'a', 'a', 'a', 'a', 'a', 'a', 'a', 'b', 'b', 'a', 'a', 'b', 'a', 'b', 'a', 'b', 'a', 'a', 'b', 'b', 'a', 'b', 'b', 'b', 'b', 'a', 'a', 'a', 'a', 'b', 'a', 'a', 'a', 'a', 'a', 'b', 'a', 'a', 'a', 'a', 'a', 'a', 'a', 'b', 'b', 'b', 'b', 'b', 'a', 'a', 'a', 'a', 'a', 'a', 'b', 'b', 'a', 'b', 'a', 'a', 'a', 'a', 'a', 'a', 'b', 'a', 'b', 'b', 'b', 'a', 'a', 'a', 'a', 'a', 'a', 'b', 'a', 'b', 'a', 'b', 'a', 'a', 'a', 'a', 'a', 'b', 'a', 'a', 'b', 'a', 'b', 'a', 'b', 'a', 'b', 'b', 'b', 'b', 'b', 'a', 'a', 'a', 'b', 'b', 'a', 'a', 'a', 'a', 'a', 'b', 'b', 'a', 'a', 'a', 'b', 'b', 'a', 'a', 'b', 'a', 'a', 'b', 'a', 'a', 'a', 'b', 'a', 'a', 'b', 'a', 'a', 'a', 'b', 'a', 'a', 'a', 'a', 'a', 'a', 'a', 'a', 'a', 'a', 'a', 'a', 'a', 'a', 'a', 'a', 'b', 'a', 'a', 'b', 'b', 'a', 'b', 'b', 'a', 'a', 'b', 'a', 'a', 'a', 'b', 'a', 'a', 'a', 'a', 'b', 'a', 'a', 'b', 'a', 'a', 'a', 'a', 'a', 'a', 'a', 'b', 'b', 'a', 'a', 'a', 'a', 'a', 'a', 'a', 'a', 'b', 'b', 'b', 'a', 'a', 'a', 'b', 'b', 'a', 'a', 'a', 'a', 'a', 'b', 'b', 'a', 'b', 'a', 'b', 'a', 'a', 'a', 'a', 'a', 'a', 'b', 'a', 'a', 'b', 'a', 'b', 'a', 'a', 'b', 'a', 'b', 'a', 'a', 'b', 'b', 'a']","['a', 'a', 'b', 'b', 'a', 'a', 'b', 'b', 'b', 'b', 'a', 'a', 'b', 'a', 'b', 'b', 'b', 'a', 'b', 'b', 'b', 'b', 'a', 'b', 'b', 'a', 'a', 'b', 'a', 'a', 'b', 'b', 'a', 'b', 'a', 'b', 'a', 'a', 'b', 'b', 'b', 'b', 'b', 'a', 'a', 'b', 'b', 'b', 'a', 'a', 'b', 'a', 'b', 'b', 'a', 'b', 'b', 'a', 'b', 'b', 'b', 'a', 'b', 'a', 'a', 'b', 'a', 'a', 'b', 'b', 'b', 'b', 'a', 'a', 'a', 'b', 'b', 'b', 'b', 'b', 'a', 'a', 'b', 'a', 'b', 'a', 'a', 'a', 'b', 'b', 'a', 'a', 'b', 'a', 'b', 'b', 'a', 'a', 'b', 'a', 'a', 'b', 'b', 'b', 'b', 'a', 'b', 'b', 'b', 'a', 'b', 'a', 'a', 'a', 'a', 'a', 'a', 'a', 'b', 'b', 'b', 'b', 'a', 'a', 'b', 'a', 'b', 'a', 'b', 'a', 'b', 'b', 'b', 'a', 'b', 'b', 'b', 'b', 'b', 'a', 'b', 'b', 'b', 'a', 'a', 'b', 'b', 'a', 'b', 'a', 'a', 'a', 'b', 'b', 'a', 'b', 'b', 'b', 'b', 'a', 'b', 'b', 'a', 'b', 'b', 'b', 'b', 'b', 'b', 'b', 'b', 'a', 'a', 'a', 'b', 'b', 'a', 'b', 'a', 'b', 'b', 'b', 'a', 'a', 'a', 'a', 'b', 'b', 'b', 'b', 'b', 'b', 'b', 'b', 'a', 'a', 'a', 'b', 'b', 'a', 'b', 'b', 'a', 'b', 'b', 'b', 'b', 'b', 'b', 'b', 'b', 'b', 'a', 'a', 'a', 'b', 'b', 'b', 'a', 'a', 'a', 'a', 'b', 'a', 'a', 'b', 'a', 'b', 'b', 'a', 'b', 'b', 'b', 'a', 'b', 'a', 'a', 'a', 'b', 'a', 'a', 'b', 'a', 'a', 'a', 'b', 'a', 'a', 'b', 'a', 'a', 'b', 'a', 'b', 'a', 'a', 'a', 'a', 'a', 'a', 'a', 'a', 'b', 'a', 'a', 'b', 'b', 'a', 'b', 'b', 'a', 'b', 'b', 'a', 'a', 'b', 'b', 'a', 'a', 'a', 'a', 'b', 'a', 'a', 'b', 'a', 'a', 'b', 'b', 'b', 'b', 'a', 'b', 'b', 'a', 'a', 'a', 'a', 'a', 'a', 'a', 'a', 'b', 'b', 'b', 'b', 'a', 'a', 'b', 'b', 'b', 'a', 'a', 'a', 'a', 'b', 'b', 'a', 'b', 'b', 'b', 'a', 'a', 'a', 'a', 'a', 'a', 'a', 'b', 'a', 'b', 'a', 'b', 'a', 'a', 'b', 'b', 'b', 'a', 'a', 'b', 'b', 'b']"
0.01,"['b', 'a', 'b', 'b', 'a', 'b', 'b', 'a', 'b', 'b', 'b', 'b', 'b', 'b', 'b', 'b', 'b', 'a', 'b', 'b', 'b', 'a', 'b', 'b', 'b', 'a', 'a', 'b', 'b', 'a', 'b', 'b', 'b', 'b', 'a', 'b', 'a', 'a', 'b', 'b', 'b', 'b', 'b', 'a', 'a', 'b', 'b', 'b', 'a', 'a', 'b', 'a', 'b', 'b', 'b', 'b', 'b', 'b', 'b', 'b', 'b', 'b', 'b', 'a', 'a', 'b', 'a', 'a', 'b', 'b', 'b', 'b', 'b', 'a', 'a', 'b', 'b', 'b', 'b', 'b', 'b', 'a', 'b', 'b', 'b', 'a', 'a', 'a', 'b', 'a', 'a', 'b', 'b', 'b', 'b', 'b', 'b', 'b', 'b', 'b', 'a', 'b', 'b', 'b', 'b', 'b', 'b', 'b', 'b', 'a', 'b', 'a', 'a', 'b', 'a', 'b', 'a', 'a', 'a', 'b', 'b', 'b', 'b', 'b', 'b', 'a', 'b', 'a', 'b', 'b', 'b', 'b', 'b', 'a', 'b', 'b', 'b', 'b', 'b', 'b', 'b', 'b', 'b', 'a', 'b', 'b', 'b', 'a', 'b', 'a', 'a', 'a', 'b', 'b', 'a', 'a', 'b', 'b', 'b', 'b', 'b', 'b', 'a', 'b', 'a', 'b', 'b', 'b', 'b', 'b', 'b', 'a', 'b', 'a', 'b', 'b', 'b', 'b', 'a', 'b', 'b', 'b', 'a', 'a', 'a', 'b', 'b', 'b', 'b', 'b', 'b', 'b', 'b', 'b', 'a', 'a', 'a', 'a', 'b', 'b', 'a', 'b', 'a', 'b', 'b', 'b', 'b', 'b', 'b', 'b', 'b', 'b', 'b', 'a', 'b', 'b', 'b', 'b', 'a', 'b', 'a', 'b', 'b', 'b', 'b', 'b', 'b', 'b', 'b', 'b', 'b', 'b', 'b', 'b', 'b', 'b', 'b', 'b', 'b', 'a', 'a', 'b', 'a', 'b', 'a', 'b', 'a', 'a', 'b', 'a', 'b', 'b', 'a', 'b', 'a', 'a', 'a', 'b', 'b', 'a', 'a', 'b', 'b', 'b', 'a', 'b', 'b', 'a', 'b', 'b', 'a', 'a', 'b', 'a', 'a', 'b', 'b', 'a', 'a', 'a', 'b', 'b', 'b', 'b', 'b', 'a', 'a', 'b', 'b', 'a', 'b', 'b', 'b', 'b', 'a', 'a', 'b', 'a', 'b', 'a', 'b', 'a', 'b', 'b', 'b', 'b', 'a', 'a', 'b', 'b', 'b', 'a', 'b', 'a', 'a', 'b', 'b', 'a', 'b', 'a', 'b', 'b', 'b', 'a', 'b', 'a', 'a', 'b', 'b', 'a', 'b', 'a', 'b', 'a', 'a', 'b', 'b', 'b', 'a', 'a', 'b', 'b', 'b']","['a', 'a', 'b', 'b', 'a', 'a', 'b', 'b', 'b', 'b', 'a', 'a', 'b', 'a', 'b', 'b', 'b', 'a', 'b', 'a', 'b', 'b', 'a', 'b', 'b', 'a', 'a', 'b', 'a', 'a', 'b', 'b', 'a', 'b', 'a', 'b', 'a', 'a', 'b', 'b', 'b', 'b', 'b', 'a', 'a', 'b', 'b', 'b', 'a', 'a', 'b', 'a', 'b', 'b', 'a', 'b', 'b', 'a', 'b', 'b', 'b', 'a', 'b', 'a', 'a', 'b', 'a', 'a', 'b', 'b', 'b', 'b', 'a', 'a', 'a', 'b', 'b', 'b', 'b', 'b', 'a', 'a', 'b', 'a', 'b', 'a', 'a', 'a', 'b', 'b', 'a', 'a', 'b', 'a', 'b', 'b', 'a', 'a', 'b', 'a', 'a', 'b', 'b', 'b', 'b', 'a', 'b', 'b', 'b', 'a', 'b', 'a', 'a', 'a', 'a', 'a', 'a', 'a', 'b', 'b', 'b', 'b', 'a', 'a', 'b', 'a', 'b', 'a', 'b', 'a', 'b', 'b', 'b', 'a', 'b', 'b', 'b', 'b', 'b', 'a', 'b', 'b', 'b', 'a', 'a', 'b', 'b', 'a', 'b', 'a', 'a', 'a', 'a', 'b', 'a', 'b', 'b', 'b', 'b', 'a', 'b', 'b', 'a', 'b', 'b', 'b', 'b', 'b', 'a', 'b', 'b', 'a', 'a', 'a', 'b', 'b', 'a', 'b', 'a', 'b', 'b', 'b', 'a', 'a', 'a', 'a', 'b', 'b', 'b', 'b', 'b', 'b', 'b', 'b', 'a', 'a', 'a', 'b', 'b', 'a', 'b', 'b', 'a', 'a', 'b', 'b', 'b', 'b', 'b', 'b', 'b', 'b', 'b', 'a', 'a', 'b', 'b', 'b', 'a', 'a', 'a', 'a', 'b', 'a', 'a', 'b', 'a', 'b', 'b', 'a', 'b', 'b', 'b', 'a', 'b', 'a', 'a', 'a', 'b', 'a', 'a', 'b', 'a', 'a', 'a', 'a', 'a', 'a', 'b', 'a', 'a', 'b', 'a', 'b', 'a', 'a', 'a', 'a', 'a', 'a', 'a', 'a', 'a', 'b', 'a', 'b', 'b', 'a', 'b', 'b', 'a', 'b', 'b', 'a', 'a', 'b', 'b', 'a', 'a', 'a', 'a', 'b', 'a', 'a', 'b', 'a', 'a', 'b', 'b', 'b', 'b', 'a', 'b', 'b', 'a', 'a', 'a', 'a', 'a', 'a', 'a', 'a', 'b', 'b', 'b', 'b', 'a', 'a', 'b', 'b', 'b', 'a', 'a', 'a', 'a', 'b', 'b', 'a', 'b', 'b', 'a', 'a', 'a', 'a', 'a', 'a', 'a', 'a', 'b', 'a', 'b', 'a', 'b', 'a', 'a', 'b', 'b', 'b', 'a', 'a', 'b', 'b', 'b']"
0.02,"['b', 'a', 'b', 'b', 'b', 'b', 'b', 'a', 'b', 'b', 'b', 'b', 'b', 'b', 'b', 'b', 'b', 'b', 'b', 'b', 'b', 'b', 'b', 'b', 'b', 'a', 'a', 'b', 'b', 'b', 'b', 'b', 'b', 'b', 'a', 'b', 'a', 'a', 'b', 'b', 'b', 'b', 'b', 'a', 'a', 'b', 'b', 'b', 'a', 'a', 'b', 'a', 'b', 'b', 'b', 'b', 'b', 'b', 'b', 'b', 'b', 'b', 'b', 'a', 'a', 'b', 'a', 'a', 'b', 'b', 'b', 'b', 'b', 'a', 'a', 'b', 'b', 'b', 'b', 'b', 'b', 'a', 'b', 'b', 'b', 'a', 'a', 'b', 'b', 'b', 'b', 'b', 'b', 'b', 'b', 'b', 'b', 'b', 'b', 'a', 'b', 'b', 'b', 'b', 'b', 'b', 'b', 'b', 'b', 'b', 'b', 'a', 'a', 'a', 'b', 'b', 'a', 'b', 'b', 'b', 'b', 'b', 'b', 'a', 'b', 'a', 'b', 'a', 'b', 'a', 'b', 'b', 'b', 'a', 'b', 'b', 'b', 'b', 'b', 'b', 'b', 'b', 'b', 'a', 'b', 'b', 'b', 'a', 'b', 'a', 'a', 'a', 'b', 'b', 'a', 'b', 'b', 'b', 'b', 'b', 'b', 'b', 'a', 'b', 'b', 'b', 'b', 'b', 'b', 'b', 'b', 'a', 'a', 'a', 'b', 'b', 'b', 'b', 'a', 'b', 'b', 'b', 'a', 'a', 'a', 'b', 'b', 'b', 'b', 'b', 'b', 'b', 'b', 'b', 'a', 'a', 'a', 'b', 'b', 'b', 'b', 'b', 'a', 'b', 'b', 'b', 'b', 'b', 'b', 'b', 'b', 'b', 'b', 'a', 'b', 'b', 'b', 'b', 'a', 'b', 'a', 'a', 'b', 'b', 'b', 'b', 'b', 'b', 'b', 'b', 'b', 'b', 'b', 'a', 'b', 'a', 'b', 'b', 'b', 'a', 'b', 'b', 'a', 'b', 'b', 'b', 'a', 'a', 'b', 'a', 'b', 'b', 'a', 'b', 'a', 'a', 'a', 'a', 'a', 'b', 'a', 'a', 'b', 'b', 'a', 'b', 'b', 'a', 'b', 'b', 'a', 'b', 'b', 'a', 'a', 'b', 'b', 'a', 'b', 'a', 'b', 'b', 'b', 'b', 'b', 'a', 'a', 'b', 'b', 'b', 'b', 'a', 'b', 'b', 'a', 'a', 'b', 'a', 'b', 'a', 'b', 'a', 'b', 'b', 'b', 'b', 'a', 'a', 'b', 'b', 'b', 'a', 'b', 'a', 'a', 'b', 'b', 'b', 'b', 'a', 'b', 'b', 'b', 'a', 'b', 'a', 'a', 'b', 'b', 'a', 'b', 'a', 'b', 'a', 'a', 'b', 'b', 'b', 'a', 'a', 'b', 'b', 'b']","['a', 'a', 'b', 'b', 'a', 'a', 'b', 'b', 'b', 'b', 'a', 'a', 'b', 'a', 'b', 'b', 'b', 'a', 'b', 'a', 'b', 'b', 'a', 'b', 'b', 'a', 'a', 'a', 'a', 'a', 'b', 'a', 'a', 'b', 'a', 'b', 'a', 'a', 'b', 'b', 'b', 'b', 'b', 'a', 'a', 'b', 'b', 'b', 'a', 'a', 'b', 'a', 'b', 'b', 'a', 'b', 'b', 'a', 'b', 'b', 'b', 'a', 'b', 'a', 'a', 'b', 'a', 'a', 'b', 'b', 'b', 'b', 'a', 'a', 'a', 'b', 'b', 'b', 'b', 'a', 'a', 'a', 'b', 'a', 'b', 'a', 'a', 'a', 'b', 'b', 'a', 'a', 'b', 'a', 'b', 'b', 'a', 'a', 'b', 'a', 'a', 'b', 'b', 'b', 'b', 'a', 'a', 'b', 'b', 'a', 'b', 'a', 'a', 'a', 'a', 'a', 'a', 'a', 'b', 'b', 'b', 'b', 'a', 'a', 'b', 'a', 'b', 'a', 'b', 'a', 'b', 'b', 'b', 'a', 'b', 'b', 'b', 'b', 'b', 'a', 'b', 'b', 'b', 'a', 'a', 'b', 'b', 'a', 'b', 'a', 'a', 'a', 'a', 'b', 'a', 'b', 'b', 'b', 'b', 'a', 'b', 'b', 'a', 'b', 'b', 'b', 'b', 'b', 'a', 'b', 'b', 'b', 'a', 'a', 'b', 'b', 'a', 'b', 'a', 'b', 'b', 'b', 'a', 'a', 'a', 'a', 'b', 'b', 'b', 'b', 'b', 'b', 'b', 'b', 'a', 'a', 'a', 'b', 'b', 'a', 'b', 'b', 'a', 'b', 'b', 'b', 'b', 'b', 'b', 'b', 'b', 'b', 'a', 'a', 'a', 'b', 'b', 'b', 'a', 'a', 'a', 'a', 'b', 'a', 'a', 'b', 'a', 'b', 'b', 'a', 'b', 'b', 'b', 'a', 'b', 'a', 'a', 'a', 'b', 'a', 'a', 'b', 'a', 'a', 'a', 'a', 'a', 'a', 'b', 'a', 'a', 'b', 'a', 'b', 'a', 'a', 'a', 'a', 'a', 'a', 'a', 'a', 'a', 'a', 'a', 'b', 'b', 'a', 'b', 'b', 'a', 'b', 'b', 'a', 'a', 'b', 'b', 'a', 'a', 'a', 'a', 'b', 'a', 'a', 'b', 'a', 'a', 'b', 'b', 'b', 'b', 'a', 'a', 'b', 'a', 'a', 'a', 'a', 'a', 'a', 'a', 'a', 'b', 'b', 'b', 'b', 'a', 'a', 'b', 'b', 'b', 'a', 'a', 'a', 'a', 'b', 'b', 'a', 'b', 'b', 'a', 'a', 'a', 'a', 'a', 'a', 'a', 'a', 'b', 'a', 'b', 'a', 'b', 'a', 'a', 'b', 'b', 'b', 'a', 'a', 'b', 'b', 'b']"
0.04,"['a', 'a', 'b', 'b', 'a', 'b', 'b', 'b', 'b', 'b', 'b', 'b', 'b', 'b', 'b', 'b', 'b', 'b', 'b', 'b', 'b', 'b', 'b', 'b', 'b', 'a', 'a', 'b', 'b', 'b', 'b', 'b', 'b', 'b', 'a', 'b', 'a', 'b', 'b', 'b', 'b', 'b', 'b', 'a', 'a', 'b', 'b', 'b', 'a', 'a', 'b', 'b', 'b', 'b', 'b', 'b', 'b', 'b', 'b', 'b', 'b', 'b', 'b', 'a', 'b', 'b', 'a', 'a', 'b', 'b', 'b', 'b', 'b', 'a', 'a', 'b', 'b', 'b', 'b', 'b', 'b', 'a', 'b', 'b', 'b', 'a', 'a', 'b', 'b', 'b', 'a', 'b', 'b', 'b', 'b', 'b', 'b', 'b', 'b', 'b', 'b', 'b', 'b', 'b', 'b', 'b', 'b', 'b', 'b', 'b', 'b', 'a', 'b', 'b', 'b', 'b', 'a', 'b', 'b', 'b', 'b', 'b', 'a', 'b', 'b', 'b', 'b', 'a', 'b', 'b', 'b', 'b', 'b', 'a', 'b', 'b', 'b', 'b', 'b', 'a', 'b', 'b', 'b', 'a', 'b', 'b', 'b', 'b', 'b', 'a', 'a', 'a', 'b', 'b', 'b', 'b', 'b', 'b', 'b', 'b', 'b', 'b', 'a', 'b', 'b', 'b', 'b', 'b', 'b', 'b', 'b', 'b', 'a', 'a', 'b', 'b', 'b', 'b', 'a', 'b', 'b', 'b', 'a', 'a', 'a', 'b', 'b', 'b', 'b', 'b', 'b', 'b', 'b', 'b', 'b', 'a', 'a', 'b', 'b', 'a', 'b', 'b', 'a', 'b', 'b', 'b', 'b', 'b', 'b', 'b', 'b', 'b', 'b', 'a', 'b', 'b', 'b', 'b', 'a', 'b', 'a', 'a', 'b', 'b', 'b', 'b', 'b', 'b', 'b', 'b', 'b', 'b', 'b', 'b', 'b', 'b', 'b', 'b', 'b', 'a', 'b', 'b', 'b', 'b', 'b', 'b', 'a', 'b', 'b', 'a', 'b', 'b', 'b', 'b', 'a', 'a', 'b', 'b', 'b', 'a', 'a', 'a', 'b', 'b', 'b', 'b', 'b', 'a', 'b', 'b', 'b', 'b', 'b', 'a', 'a', 'b', 'b', 'b', 'b', 'a', 'b', 'b', 'b', 'b', 'b', 'b', 'b', 'b', 'b', 'b', 'b', 'b', 'b', 'b', 'b', 'a', 'a', 'a', 'b', 'b', 'b', 'a', 'b', 'b', 'b', 'b', 'a', 'b', 'b', 'b', 'b', 'a', 'b', 'a', 'b', 'b', 'b', 'b', 'b', 'b', 'b', 'b', 'b', 'b', 'a', 'b', 'b', 'b', 'b', 'b', 'b', 'a', 'b', 'a', 'a', 'b', 'b', 'b', 'b', 'b', 'b', 'b', 'b']","['a', 'a', 'b', 'b', 'a', 'b', 'b', 'b', 'b', 'b', 'a', 'a', 'b', 'a', 'b', 'b', 'b', 'a', 'b', 'a', 'b', 'b', 'b', 'b', 'b', 'a', 'a', 'b', 'a', 'a', 'b', 'b', 'a', 'b', 'a', 'b', 'a', 'a', 'b', 'b', 'b', 'b', 'b', 'b', 'a', 'b', 'b', 'b', 'a', 'a', 'b', 'b', 'b', 'b', 'a', 'b', 'b', 'b', 'b', 'b', 'b', 'a', 'b', 'a', 'a', 'b', 'a', 'a', 'b', 'b', 'b', 'b', 'a', 'a', 'a', 'b', 'b', 'b', 'b', 'a', 'a', 'a', 'b', 'a', 'b', 'a', 'a', 'b', 'b', 'b', 'a', 'b', 'b', 'a', 'b', 'b', 'a', 'b', 'b', 'a', 'a', 'b', 'b', 'b', 'b', 'b', 'a', 'b', 'b', 'a', 'b', 'a', 'b', 'a', 'b', 'a', 'a', 'a', 'b', 'b', 'b', 'b', 'a', 'b', 'b', 'b', 'b', 'a', 'b', 'a', 'b', 'b', 'b', 'a', 'b', 'b', 'b', 'b', 'b', 'a', 'b', 'b', 'b', 'a', 'a', 'b', 'b', 'a', 'b', 'b', 'a', 'a', 'a', 'b', 'a', 'b', 'b', 'b', 'b', 'b', 'b', 'b', 'a', 'b', 'b', 'b', 'b', 'b', 'b', 'b', 'b', 'b', 'a', 'a', 'b', 'b', 'a', 'b', 'a', 'b', 'b', 'b', 'a', 'a', 'a', 'a', 'b', 'b', 'b', 'b', 'b', 'b', 'b', 'b', 'a', 'b', 'a', 'b', 'b', 'b', 'b', 'b', 'a', 'b', 'b', 'b', 'b', 'b', 'b', 'b', 'b', 'b', 'b', 'a', 'a', 'b', 'b', 'b', 'b', 'a', 'a', 'a', 'b', 'a', 'b', 'b', 'b', 'b', 'b', 'b', 'b', 'b', 'b', 'b', 'b', 'b', 'a', 'b', 'b', 'a', 'a', 'b', 'b', 'a', 'a', 'b', 'a', 'a', 'b', 'a', 'b', 'b', 'b', 'b', 'a', 'a', 'a', 'a', 'a', 'a', 'a', 'a', 'b', 'b', 'a', 'b', 'b', 'a', 'b', 'b', 'b', 'b', 'b', 'a', 'a', 'b', 'b', 'a', 'a', 'a', 'a', 'b', 'a', 'a', 'b', 'b', 'a', 'b', 'b', 'b', 'b', 'a', 'b', 'b', 'b', 'a', 'a', 'b', 'a', 'a', 'b', 'a', 'b', 'b', 'b', 'b', 'b', 'b', 'b', 'b', 'b', 'a', 'a', 'a', 'b', 'b', 'b', 'b', 'b', 'b', 'a', 'b', 'a', 'a', 'b', 'a', 'b', 'a', 'b', 'a', 'b', 'a', 'b', 'a', 'a', 'b', 'b', 'b', 'a', 'b', 'b', 'b', 'b']"
0.08,"['a', 'a', 'b', 'b', 'b', 'a', 'b', 'b', 'b', 'b', 'a', 'b', 'b', 'a', 'b', 'b', 'b', 'a', 'b', 'b', 'b', 'b', 'b', 'b', 'b', 'a', 'a', 'b', 'b', 'a', 'b', 'a', 'b', 'b', 'a', 'b', 'b', 'a', 'b', 'b', 'b', 'b', 'b', 'a', 'a', 'b', 'b', 'b', 'a', 'a', 'b', 'b', 'b', 'b', 'a', 'b', 'b', 'a', 'b', 'b', 'b', 'a', 'b', 'a', 'a', 'b', 'b', 'a', 'b', 'b', 'b', 'b', 'a', 'a', 'a', 'b', 'b', 'b', 'b', 'a', 'a', 'a', 'b', 'a', 'b', 'a', 'a', 'b', 'b', 'b', 'a', 'b', 'b', 'a', 'b', 'b', 'a', 'a', 'b', 'a', 'a', 'b', 'b', 'b', 'b', 'a', 'a', 'b', 'b', 'a', 'b', 'a', 'a', 'a', 'a', 'b', 'a', 'b', 'b', 'b', 'b', 'b', 'a', 'a', 'b', 'a', 'b', 'a', 'b', 'a', 'b', 'b', 'b', 'a', 'b', 'b', 'b', 'b', 'b', 'a', 'b', 'b', 'b', 'a', 'a', 'b', 'b', 'b', 'b', 'a', 'a', 'a', 'a', 'b', 'b', 'b', 'b', 'b', 'b', 'a', 'b', 'b', 'a', 'b', 'b', 'b', 'b', 'b', 'a', 'b', 'b', 'a', 'a', 'a', 'b', 'b', 'a', 'b', 'a', 'b', 'b', 'b', 'a', 'a', 'a', 'a', 'b', 'b', 'b', 'b', 'b', 'b', 'b', 'b', 'b', 'a', 'a', 'b', 'b', 'a', 'b', 'b', 'a', 'b', 'b', 'b', 'b', 'b', 'b', 'b', 'b', 'b', 'b', 'a', 'b', 'b', 'b', 'b', 'b', 'a', 'a', 'a', 'b', 'b', 'b', 'b', 'a', 'b', 'b', 'a', 'b', 'b', 'b', 'a', 'b', 'b', 'a', 'b', 'b', 'a', 'a', 'b', 'a', 'a', 'b', 'a', 'a', 'b', 'b', 'a', 'b', 'b', 'b', 'b', 'a', 'a', 'a', 'a', 'a', 'a', 'a', 'a', 'b', 'b', 'a', 'b', 'b', 'a', 'b', 'b', 'b', 'b', 'b', 'a', 'a', 'b', 'b', 'b', 'a', 'a', 'a', 'b', 'b', 'b', 'b', 'a', 'a', 'b', 'b', 'b', 'b', 'a', 'a', 'b', 'b', 'a', 'a', 'a', 'a', 'b', 'a', 'a', 'b', 'b', 'b', 'b', 'a', 'a', 'b', 'b', 'b', 'a', 'a', 'a', 'a', 'b', 'b', 'b', 'b', 'b', 'b', 'a', 'b', 'a', 'a', 'a', 'a', 'a', 'b', 'a', 'b', 'a', 'b', 'a', 'a', 'b', 'b', 'b', 'a', 'a', 'b', 'b', 'b']","['b', 'b', 'b', 'b', 'b', 'b', 'b', 'b', 'b', 'b', 'b', 'b', 'b', 'b', 'b', 'b', 'b', 'b', 'b', 'b', 'b', 'b', 'b', 'b', 'b', 'b', 'b', 'b', 'b', 'b', 'b', 'b', 'b', 'b', 'b', 'b', 'b', 'b', 'b', 'b', 'b', 'b', 'b', 'b', 'b', 'b', 'b', 'b', 'b', 'b', 'b', 'b', 'b', 'b', 'b', 'b', 'b', 'b', 'b', 'b', 'b', 'b', 'b', 'b', 'b', 'b', 'b', 'a', 'b', 'b', 'b', 'b', 'b', 'b', 'b', 'b', 'b', 'b', 'b', 'b', 'b', 'b', 'b', 'b', 'b', 'b', 'b', 'b', 'b', 'b', 'b', 'b', 'b', 'b', 'b', 'b', 'b', 'b', 'b', 'a', 'b', 'b', 'b', 'b', 'b', 'b', 'b', 'b', 'b', 'b', 'b', 'b', 'b', 'b', 'b', 'b', 'b', 'b', 'b', 'b', 'b', 'b', 'b', 'b', 'b', 'b', 'b', 'b', 'b', 'b', 'b', 'b', 'b', 'b', 'b', 'b', 'b', 'b', 'b', 'b', 'b', 'b', 'b', 'b', 'b', 'b', 'b', 'b', 'b', 'b', 'b', 'b', 'b', 'b', 'b', 'b', 'b', 'b', 'b', 'b', 'b', 'b', 'a', 'b', 'b', 'b', 'b', 'b', 'b', 'b', 'b', 'b', 'b', 'b', 'b', 'b', 'b', 'b', 'b', 'b', 'b', 'b', 'b', 'b', 'b', 'b', 'b', 'b', 'b', 'b', 'b', 'b', 'b', 'b', 'b', 'b', 'b', 'b', 'b', 'b', 'b', 'b', 'b', 'b', 'b', 'b', 'b', 'b', 'b', 'b', 'b', 'b', 'b', 'b', 'b', 'b', 'b', 'b', 'b', 'b', 'b', 'b', 'b', 'b', 'b', 'b', 'b', 'b', 'b', 'b', 'b', 'b', 'b', 'b', 'b', 'b', 'b', 'b', 'b', 'b', 'b', 'b', 'b', 'b', 'b', 'b', 'b', 'b', 'b', 'b', 'b', 'b', 'b', 'b', 'b', 'b', 'b', 'b', 'b', 'b', 'b', 'b', 'b', 'b', 'b', 'b', 'b', 'b', 'b', 'b', 'b', 'b', 'b', 'b', 'b', 'b', 'b', 'b', 'b', 'b', 'b', 'b', 'b', 'b', 'b', 'b', 'b', 'b', 'b', 'b', 'b', 'b', 'b', 'b', 'b', 'b', 'b', 'b', 'b', 'b', 'b', 'b', 'b', 'b', 'b', 'b', 'b', 'b', 'b', 'b', 'b', 'b', 'b', 'b', 'b', 'b', 'b', 'b', 'b', 'b', 'b', 'b', 'b', 'b', 'b', 'b', 'b', 'b', 'b', 'b', 'b', 'b', 'b', 'b', 'b', 'b', 'b', 'b', 'b', 'b', 'b', 'b', 'b']"
0.1,"['b', 'b', 'b', 'b', 'b', 'b', 'b', 'b', 'b', 'b', 'b', 'b', 'b', 'b', 'b', 'b', 'b', 'b', 'b', 'b', 'b', 'b', 'outlier', 'b', 'b', 'b', 'b', 'b', 'b', 'b', 'b', 'outlier', 'b', 'b', 'b', 'b', 'b', 'outlier', 'b', 'b', 'b', 'b', 'b', 'b', 'b', 'b', 'b', 'b', 'b', 'a', 'b', 'b', 'b', 'b', 'b', 'b', 'b', 'b', 'b', 'b', 'b', 'b', 'b', 'b', 'b', 'b', 'b', 'b', 'b', 'b', 'b', 'b', 'b', 'b', 'b', 'b', 'b', 'b', 'b', 'b', 'b', 'b', 'b', 'b', 'b', 'outlier', 'outlier', 'b', 'b', 'b', 'b', 'b', 'b', 'outlier', 'b', 'b', 'outlier', 'b', 'b', 'b', 'b', 'b', 'b', 'b', 'b', 'b', 'b', 'b', 'b', 'b', 'b', 'outlier', 'b', 'outlier', 'b', 'b', 'b', 'b', 'b', 'b', 'b', 'b', 'b', 'b', 'b', 'outlier', 'b', 'b', 'b', 'outlier', 'b', 'b', 'b', 'b', 'b', 'b', 'b', 'b', 'b', 'b', 'b', 'b', 'b', 'b', 'b', 'b', 'b', 'b', 'b', 'outlier', 'b', 'outlier', 'b', 'b', 'outlier', 'b', 'b', 'b', 'b', 'outlier', 'b', 'b', 'b', 'b', 'b', 'b', 'b', 'b', 'b', 'b', 'b', 'outlier', 'b', 'b', 'b', 'b', 'b', 'b', 'b', 'b', 'b', 'b', 'b', 'outlier', 'b', 'b', 'b', 'b', 'b', 'b', 'b', 'b', 'b', 'b', 'b', 'b', 'b', 'b', 'b', 'b', 'b', 'b', 'b', 'b', 'b', 'b', 'b', 'b', 'b', 'b', 'b', 'b', 'b', 'b', 'b', 'b', 'b', 'b', 'b', 'b', 'outlier', 'b', 'b', 'b', 'b', 'b', 'b', 'b', 'b', 'b', 'b', 'b', 'b', 'b', 'b', 'b', 'b', 'b', 'b', 'b', 'b', 'b', 'b', 'b', 'b', 'b', 'b', 'b', 'b', 'outlier', 'b', 'b', 'b', 'b', 'b', 'b', 'b', 'b', 'b', 'b', 'b', 'b', 'b', 'b', 'outlier', 'b', 'b', 'outlier', 'b', 'b', 'b', 'b', 'b', 'outlier', 'outlier', 'b', 'b', 'b', 'b', 'outlier', 'b', 'b', 'b', 'b', 'b', 'b', 'b', 'b', 'b', 'b', 'b', 'b', 'b', 'b', 'b', 'outlier', 'b', 'b', 'b', 'b', 'b', 'b', 'b', 'b', 'b', 'b', 'b', 'b', 'b', 'b', 'b', 'b', 'outlier', 'b', 'outlier', 'b', 'b', 'b', 'b', 'b', 'b', 'outlier', 'b', 'b', 'b', 'b', 'b', 'b', 'b', 'b', 'b', 'outlier', 'b', 'b', 'outlier', 'b', 'b', 'b', 'b', 'b', 'b', 'b', 'b']","['b', 'b', 'b', 'b', 'b', 'b', 'b', 'b', 'b', 'b', 'b', 'b', 'b', 'b', 'outlier', 'b', 'b', 'b', 'b', 'b', 'b', 'b', 'b', 'b', 'b', 'b', 'b', 'b', 'b', 'b', 'b', 'b', 'b', 'b', 'b', 'b', 'b', 'b', 'b', 'b', 'b', 'b', 'b', 'b', 'b', 'b', 'b', 'b', 'b', 'b', 'b', 'b', 'b', 'b', 'b', 'b', 'b', 'b', 'outlier', 'b', 'b', 'b', 'b', 'b', 'b', 'b', 'b', 'b', 'b', 'b', 'b', 'b', 'b', 'b', 'b', 'b', 'b', 'b', 'b', 'b', 'b', 'b', 'b', 'b', 'b', 'b', 'b', 'b', 'b', 'b', 'b', 'b', 'b', 'b', 'b', 'b', 'b', 'b', 'b', 'b', 'b', 'b', 'b', 'b', 'b', 'b', 'b', 'b', 'b', 'b', 'b', 'b', 'b', 'b', 'b', 'b', 'b', 'outlier', 'b', 'b', 'b', 'b', 'b', 'b', 'b', 'b', 'b', 'b', 'b', 'b', 'b', 'b', 'b', 'b', 'b', 'b', 'b', 'b', 'b', 'b', 'b', 'b', 'b', 'b', 'b', 'b', 'b', 'b', 'b', 'b', 'b', 'b', 'b', 'b', 'b', 'b', 'b', 'b', 'b', 'b', 'b', 'b', 'b', 'b', 'b', 'b', 'b', 'b', 'b', 'b', 'b', 'b', 'b', 'b', 'b', 'b', 'b', 'b', 'b', 'b', 'b', 'b', 'b', 'b', 'b', 'b', 'b', 'b', 'b', 'b', 'b', 'b', 'b', 'b', 'b', 'b', 'b', 'b', 'b', 'b', 'b', 'b', 'b', 'b', 'b', 'b', 'b', 'b', 'b', 'b', 'b', 'b', 'outlier', 'b', 'b', 'b', 'b', 'b', 'b', 'b', 'b', 'b', 'b', 'b', 'b', 'b', 'b', 'b', 'b', 'b', 'b', 'b', 'b', 'b', 'b', 'b', 'b', 'b', 'b', 'b', 'b', 'b', 'b', 'b', 'b', 'b', 'b', 'b', 'b', 'b', 'b', 'b', 'b', 'b', 'b', 'b', 'b', 'b', 'b', 'b', 'b', 'b', 'b', 'b', 'b', 'b', 'b', 'b', 'b', 'b', 'b', 'b', 'b', 'b', 'b', 'b', 'b', 'b', 'b', 'b', 'b', 'b', 'b', 'b', 'b', 'b', 'b', 'b', 'b', 'b', 'b', 'b', 'b', 'b', 'b', 'b', 'b', 'b', 'b', 'b', 'b', 'b', 'b', 'b', 'b', 'b', 'b', 'b', 'b', 'b', 'b', 'b', 'b', 'b', 'b', 'b', 'b', 'b', 'b', 'b', 'b', 'b', 'b', 'b', 'b', 'b', 'b', 'b', 'b', 'b', 'b', 'b', 'b', 'b', 'b', 'b', 'b', 'b', 'b', 'b', 'b', 'b', 'b']"
0.15,"['outlier', 'outlier', 'outlier', 'outlier', 'outlier', 'outlier', 'outlier', 'outlier', 'outlier', 'outlier', 'outlier', 'outlier', 'outlier', 'outlier', 'outlier', 'outlier', 'outlier', 'outlier', 'outlier', 'outlier', 'outlier', 'outlier', 'outlier', 'outlier', 'outlier', 'outlier', 'outlier', 'outlier', 'outlier', 'outlier', 'outlier', 'outlier', 'outlier', 'outlier', 'outlier', 'outlier', 'outlier', 'outlier', 'outlier', 'outlier', 'outlier', 'outlier', 'outlier', 'outlier', 'outlier', 'outlier', 'outlier', 'outlier', 'outlier', 'outlier', 'outlier', 'outlier', 'outlier', 'outlier', 'outlier', 'outlier', 'outlier', 'outlier', 'outlier', 'outlier', 'outlier', 'outlier', 'outlier', 'outlier', 'outlier', 'outlier', 'outlier', 'outlier', 'outlier', 'outlier', 'outlier', 'outlier', 'outlier', 'outlier', 'outlier', 'outlier', 'outlier', 'outlier', 'outlier', 'outlier', 'outlier', 'outlier', 'outlier', 'outlier', 'outlier', 'outlier', 'outlier', 'outlier', 'outlier', 'outlier', 'outlier', 'outlier', 'outlier', 'outlier', 'outlier', 'outlier', 'outlier', 'outlier', 'outlier', 'outlier', 'outlier', 'outlier', 'outlier', 'outlier', 'outlier', 'outlier', 'outlier', 'outlier', 'outlier', 'outlier', 'outlier', 'outlier', 'outlier', 'outlier', 'outlier', 'outlier', 'outlier', 'outlier', 'outlier', 'outlier', 'outlier', 'outlier', 'outlier', 'outlier', 'outlier', 'outlier', 'outlier', 'outlier', 'outlier', 'outlier', 'outlier', 'outlier', 'outlier', 'outlier', 'outlier', 'outlier', 'outlier', 'outlier', 'outlier', 'outlier', 'outlier', 'outlier', 'outlier', 'outlier', 'outlier', 'outlier', 'outlier', 'outlier', 'outlier', 'outlier', 'outlier', 'outlier', 'outlier', 'outlier', 'outlier', 'outlier', 'outlier', 'outlier', 'outlier', 'outlier', 'outlier', 'outlier', 'outlier', 'outlier', 'outlier', 'outlier', 'outlier', 'outlier', 'outlier', 'outlier', 'outlier', 'outlier', 'outlier', 'outlier', 'outlier', 'outlier', 'outlier', 'outlier', 'outlier', 'outlier', 'outlier', 'outlier', 'outlier', 'outlier', 'outlier', 'outlier', 'outlier', 'outlier', 'outlier', 'outlier', 'outlier', 'outlier', 'outlier', 'outlier', 'outlier', 'outlier', 'outlier', 'outlier', 'outlier', 'outlier', 'outlier', 'outlier', 'outlier', 'outlier', 'outlier', 'outlier', 'outlier', 'outlier', 'outlier', 'outlier', 'outlier', 'outlier', 'outlier', 'outlier', 'outlier', 'outlier', 'outlier', 'outlier', 'outlier', 'outlier', 'outlier', 'outlier', 'outlier', 'outlier', 'outlier', 'outlier', 'outlier', 'outlier', 'outlier', 'outlier', 'outlier', 'outlier', 'outlier', 'outlier', 'outlier', 'outlier', 'outlier', 'outlier', 'outlier', 'outlier', 'outlier', 'outlier', 'outlier', 'outlier', 'outlier', 'outlier', 'outlier', 'outlier', 'outlier', 'outlier', 'outlier', 'outlier', 'outlier', 'outlier', 'outlier', 'outlier', 'outlier', 'outlier', 'outlier', 'outlier', 'outlier', 'outlier', 'outlier', 'outlier', 'outlier', 'outlier', 'outlier', 'outlier', 'outlier', 'outlier', 'outlier', 'outlier', 'outlier', 'outlier', 'outlier', 'outlier', 'outlier', 'outlier', 'outlier', 'outlier', 'outlier', 'outlier', 'outlier', 'outlier', 'outlier', 'outlier', 'outlier', 'outlier', 'outlier', 'outlier', 'outlier', 'outlier', 'outlier', 'outlier', 'outlier', 'outlier', 'outlier', 'outlier', 'outlier', 'outlier', 'outlier', 'outlier', 'outlier', 'outlier', 'outlier', 'outlier', 'outlier', 'outlier', 'outlier', 'outlier', 'outlier', 'outlier', 'outlier', 'outlier', 'outlier', 'outlier', 'outlier', 'outlier', 'outlier', 'outlier', 'outlier', 'outlier', 'outlier', 'outlier', 'outlier', 'outlier', 'outlier', 'outlier', 'outlier', 'outlier', 'outlier', 'outlier', 'outlier', 'outlier', 'outlier', 'outlier', 'outlier', 'outlier', 'outlier', 'outlier', 'outlier', 'outlier', 'outlier']","['outlier', 'outlier', 'outlier', 'outlier', 'outlier', 'outlier', 'outlier', 'outlier', 'outlier', 'outlier', 'outlier', 'outlier', 'outlier', 'outlier', 'outlier', 'outlier', 'outlier', 'outlier', 'outlier', 'outlier', 'outlier', 'outlier', 'outlier', 'outlier', 'outlier', 'outlier', 'outlier', 'outlier', 'outlier', 'outlier', 'outlier', 'outlier', 'outlier', 'outlier', 'outlier', 'outlier', 'outlier', 'outlier', 'outlier', 'outlier', 'outlier', 'outlier', 'outlier', 'outlier', 'outlier', 'outlier', 'outlier', 'outlier', 'outlier', 'outlier', 'outlier', 'outlier', 'outlier', 'outlier', 'outlier', 'outlier', 'outlier', 'outlier', 'outlier', 'outlier', 'outlier', 'outlier', 'outlier', 'outlier', 'outlier', 'outlier', 'outlier', 'outlier', 'outlier', 'outlier', 'outlier', 'outlier', 'outlier', 'outlier', 'outlier', 'outlier', 'outlier', 'outlier', 'outlier', 'outlier', 'outlier', 'outlier', 'outlier', 'outlier', 'outlier', 'outlier', 'outlier', 'outlier', 'outlier', 'outlier', 'outlier', 'outlier', 'outlier', 'outlier', 'outlier', 'outlier', 'outlier', 'outlier', 'outlier', 'outlier', 'outlier', 'outlier', 'outlier', 'outlier', 'outlier', 'outlier', 'outlier', 'outlier', 'outlier', 'outlier', 'outlier', 'outlier', 'outlier', 'outlier', 'outlier', 'outlier', 'outlier', 'outlier', 'outlier', 'outlier', 'outlier', 'outlier', 'outlier', 'outlier', 'outlier', 'outlier', 'outlier', 'outlier', 'outlier', 'outlier', 'outlier', 'outlier', 'outlier', 'outlier', 'outlier', 'outlier', 'outlier', 'outlier', 'outlier', 'outlier', 'outlier', 'outlier', 'outlier', 'outlier', 'outlier', 'outlier', 'outlier', 'outlier', 'outlier', 'outlier', 'outlier', 'outlier', 'outlier', 'outlier', 'outlier', 'outlier', 'outlier', 'outlier', 'outlier', 'outlier', 'outlier', 'outlier', 'outlier', 'outlier', 'outlier', 'outlier', 'outlier', 'outlier', 'outlier', 'outlier', 'outlier', 'outlier', 'outlier', 'outlier', 'outlier', 'outlier', 'outlier', 'outlier', 'outlier', 'outlier', 'outlier', 'outlier', 'outlier', 'outlier', 'outlier', 'outlier', 'outlier', 'outlier', 'outlier', 'outlier', 'outlier', 'outlier', 'outlier', 'outlier', 'outlier', 'outlier', 'outlier', 'outlier', 'outlier', 'outlier', 'outlier', 'outlier', 'outlier', 'outlier', 'outlier', 'outlier', 'outlier', 'outlier', 'outlier', 'outlier', 'outlier', 'outlier', 'outlier', 'outlier', 'outlier', 'outlier', 'outlier', 'outlier', 'outlier', 'outlier', 'outlier', 'outlier', 'outlier', 'outlier', 'outlier', 'outlier', 'outlier', 'outlier', 'outlier', 'outlier', 'outlier', 'outlier', 'outlier', 'outlier', 'outlier', 'outlier', 'outlier', 'outlier', 'outlier', 'outlier', 'outlier', 'outlier', 'outlier', 'outlier', 'outlier', 'outlier', 'outlier', 'outlier', 'outlier', 'outlier', 'outlier', 'outlier', 'outlier', 'outlier', 'outlier', 'outlier', 'outlier', 'outlier', 'outlier', 'outlier', 'outlier', 'outlier', 'outlier', 'outlier', 'outlier', 'outlier', 'outlier', 'outlier', 'outlier', 'outlier', 'outlier', 'outlier', 'outlier', 'outlier', 'outlier', 'outlier', 'outlier', 'outlier', 'outlier', 'outlier', 'outlier', 'outlier', 'outlier', 'outlier', 'outlier', 'outlier', 'outlier', 'outlier', 'outlier', 'outlier', 'outlier', 'outlier', 'outlier', 'outlier', 'outlier', 'outlier', 'outlier', 'outlier', 'outlier', 'outlier', 'outlier', 'outlier', 'outlier', 'outlier', 'outlier', 'outlier', 'outlier', 'outlier', 'outlier', 'outlier', 'outlier', 'outlier', 'outlier', 'outlier', 'outlier', 'outlier', 'outlier', 'outlier', 'outlier', 'outlier', 'outlier', 'outlier', 'outlier', 'outlier', 'outlier', 'outlier', 'outlier', 'outlier', 'outlier', 'outlier', 'outlier', 'outlier', 'outlier', 'outlier', 'outlier', 'outlier', 'outlier', 'outlier', 'outlier', 'outlier', 'outlier', 'outlier', 'outlier']"
0.2,"['outlier', 'outlier', 'outlier', 'outlier', 'outlier', 'outlier', 'outlier', 'outlier', 'outlier', 'outlier', 'outlier', 'outlier', 'outlier', 'outlier', 'outlier', 'outlier', 'outlier', 'outlier', 'outlier', 'outlier', 'outlier', 'outlier', 'outlier', 'outlier', 'outlier', 'outlier', 'outlier', 'outlier', 'outlier', 'outlier', 'outlier', 'outlier', 'outlier', 'outlier', 'outlier', 'outlier', 'outlier', 'outlier', 'outlier', 'outlier', 'outlier', 'outlier', 'outlier', 'outlier', 'outlier', 'outlier', 'outlier', 'outlier', 'outlier', 'outlier', 'outlier', 'outlier', 'outlier', 'outlier', 'outlier', 'outlier', 'outlier', 'outlier', 'outlier', 'outlier', 'outlier', 'outlier', 'outlier', 'outlier', 'outlier', 'outlier', 'outlier', 'outlier', 'outlier', 'outlier', 'outlier', 'outlier', 'outlier', 'outlier', 'outlier', 'outlier', 'outlier', 'outlier', 'outlier', 'outlier', 'outlier', 'outlier', 'outlier', 'outlier', 'outlier', 'outlier', 'outlier', 'outlier', 'outlier', 'outlier', 'outlier', 'outlier', 'outlier', 'outlier', 'outlier', 'outlier', 'outlier', 'outlier', 'outlier', 'outlier', 'outlier', 'outlier', 'outlier', 'outlier', 'outlier', 'outlier', 'outlier', 'outlier', 'outlier', 'outlier', 'outlier', 'outlier', 'outlier', 'outlier', 'outlier', 'outlier', 'outlier', 'outlier', 'outlier', 'outlier', 'outlier', 'outlier', 'outlier', 'outlier', 'outlier', 'outlier', 'outlier', 'outlier', 'outlier', 'outlier', 'outlier', 'outlier', 'outlier', 'outlier', 'outlier', 'outlier', 'outlier', 'outlier', 'outlier', 'outlier', 'outlier', 'outlier', 'outlier', 'outlier', 'outlier', 'outlier', 'outlier', 'outlier', 'outlier', 'outlier', 'outlier', 'outlier', 'outlier', 'outlier', 'outlier', 'outlier', 'outlier', 'outlier', 'outlier', 'outlier', 'outlier', 'outlier', 'outlier', 'outlier', 'outlier', 'outlier', 'outlier', 'outlier', 'outlier', 'outlier', 'outlier', 'outlier', 'outlier', 'outlier', 'outlier', 'outlier', 'outlier', 'outlier', 'outlier', 'outlier', 'outlier', 'outlier', 'outlier', 'outlier', 'outlier', 'outlier', 'outlier', 'outlier', 'outlier', 'outlier', 'outlier', 'outlier', 'outlier', 'outlier', 'outlier', 'outlier', 'outlier', 'outlier', 'outlier', 'outlier', 'outlier', 'outlier', 'outlier', 'outlier', 'outlier', 'outlier', 'outlier', 'outlier', 'outlier', 'outlier', 'outlier', 'outlier', 'outlier', 'outlier', 'outlier', 'outlier', 'outlier', 'outlier', 'outlier', 'outlier', 'outlier', 'outlier', 'outlier', 'outlier', 'outlier', 'outlier', 'outlier', 'outlier', 'outlier', 'outlier', 'outlier', 'outlier', 'outlier', 'outlier', 'outlier', 'outlier', 'outlier', 'outlier', 'outlier', 'outlier', 'outlier', 'outlier', 'outlier', 'outlier', 'outlier', 'outlier', 'outlier', 'outlier', 'outlier', 'outlier', 'outlier', 'outlier', 'outlier', 'outlier', 'outlier', 'outlier', 'outlier', 'outlier', 'outlier', 'outlier', 'outlier', 'outlier', 'outlier', 'outlier', 'outlier', 'outlier', 'outlier', 'outlier', 'outlier', 'outlier', 'outlier', 'outlier', 'outlier', 'outlier', 'outlier', 'outlier', 'outlier', 'outlier', 'outlier', 'outlier', 'outlier', 'outlier', 'outlier', 'outlier', 'outlier', 'outlier', 'outlier', 'outlier', 'outlier', 'outlier', 'outlier', 'outlier', 'outlier', 'outlier', 'outlier', 'outlier', 'outlier', 'outlier', 'outlier', 'outlier', 'outlier', 'outlier', 'outlier', 'outlier', 'outlier', 'outlier', 'outlier', 'outlier', 'outlier', 'outlier', 'outlier', 'outlier', 'outlier', 'outlier', 'outlier', 'outlier', 'outlier', 'outlier', 'outlier', 'outlier', 'outlier', 'outlier', 'outlier', 'outlier', 'outlier', 'outlier', 'outlier', 'outlier', 'outlier', 'outlier', 'outlier', 'outlier', 'outlier', 'outlier', 'outlier', 'outlier', 'outlier', 'outlier', 'outlier', 'outlier', 'outlier', 'outlier', 'outlier']","['outlier', 'outlier', 'outlier', 'outlier', 'outlier', 'outlier', 'outlier', 'outlier', 'outlier', 'outlier', 'outlier', 'outlier', 'outlier', 'outlier', 'outlier', 'outlier', 'outlier', 'outlier', 'outlier', 'outlier', 'outlier', 'outlier', 'a', 'outlier', 'outlier', 'outlier', 'outlier', 'outlier', 'outlier', 'outlier', 'outlier', 'outlier', 'a', 'outlier', 'a', 'outlier', 'outlier', 'outlier', 'outlier', 'outlier', 'outlier', 'a', 'outlier', 'outlier', 'outlier', 'outlier', 'outlier', 'outlier', 'a', 'outlier', 'outlier', 'outlier', 'a', 'outlier', 'outlier', 'outlier', 'outlier', 'a', 'outlier', 'outlier', 'outlier', 'outlier', 'outlier', 'outlier', 'outlier', 'outlier', 'outlier', 'outlier', 'outlier', 'outlier', 'outlier', 'outlier', 'outlier', 'outlier', 'outlier', 'outlier', 'outlier', 'a', 'outlier', 'outlier', 'outlier', 'outlier', 'outlier', 'outlier', 'outlier', 'outlier', 'outlier', 'outlier', 'outlier', 'outlier', 'a', 'outlier', 'outlier', 'outlier', 'outlier', 'a', 'outlier', 'a', 'outlier', 'outlier', 'outlier', 'outlier', 'outlier', 'outlier', 'outlier', 'outlier', 'outlier', 'outlier', 'outlier', 'outlier', 'outlier', 'outlier', 'outlier', 'a', 'outlier', 'outlier', 'a', 'outlier', 'outlier', 'outlier', 'outlier', 'outlier', 'outlier', 'outlier', 'outlier', 'a', 'outlier', 'outlier', 'outlier', 'a', 'outlier', 'outlier', 'a', 'outlier', 'outlier', 'outlier', 'outlier', 'outlier', 'outlier', 'outlier', 'outlier', 'outlier', 'outlier', 'outlier', 'outlier', 'outlier', 'a', 'outlier', 'outlier', 'outlier', 'outlier', 'outlier', 'outlier', 'outlier', 'outlier', 'outlier', 'outlier', 'outlier', 'a', 'outlier', 'outlier', 'outlier', 'outlier', 'a', 'outlier', 'outlier', 'outlier', 'a', 'outlier', 'outlier', 'outlier', 'outlier', 'outlier', 'outlier', 'outlier', 'a', 'outlier', 'outlier', 'outlier', 'a', 'outlier', 'outlier', 'outlier', 'outlier', 'outlier', 'outlier', 'outlier', 'outlier', 'outlier', 'outlier', 'outlier', 'outlier', 'outlier', 'a', 'outlier', 'outlier', 'outlier', 'outlier', 'outlier', 'outlier', 'outlier', 'outlier', 'outlier', 'outlier', 'outlier', 'outlier', 'outlier', 'outlier', 'outlier', 'outlier', 'outlier', 'outlier', 'outlier', 'outlier', 'a', 'outlier', 'outlier', 'outlier', 'outlier', 'outlier', 'outlier', 'outlier', 'outlier', 'outlier', 'outlier', 'outlier', 'outlier', 'outlier', 'outlier', 'a', 'a', 'a', 'outlier', 'outlier', 'a', 'outlier', 'outlier', 'outlier', 'outlier', 'outlier', 'outlier', 'outlier', 'outlier', 'outlier', 'outlier', 'outlier', 'outlier', 'outlier', 'outlier', 'outlier', 'outlier', 'outlier', 'outlier', 'outlier', 'outlier', 'outlier', 'outlier', 'outlier', 'outlier', 'outlier', 'outlier', 'outlier', 'outlier', 'a', 'outlier', 'outlier', 'outlier', 'outlier', 'outlier', 'outlier', 'outlier', 'outlier', 'outlier', 'outlier', 'outlier', 'outlier', 'outlier', 'outlier', 'outlier', 'a', 'outlier', 'outlier', 'outlier', 'a', 'a', 'outlier', 'outlier', 'outlier', 'a', 'outlier', 'outlier', 'outlier', 'outlier', 'outlier', 'outlier', 'outlier', 'outlier', 'outlier', 'outlier', 'outlier', 'outlier', 'outlier', 'outlier', 'outlier', 'outlier', 'outlier', 'outlier', 'a', 'outlier', 'outlier', 'outlier', 'outlier', 'outlier', 'outlier', 'outlier', 'outlier', 'outlier', 'outlier', 'outlier', 'outlier', 'outlier', 'outlier', 'outlier', 'a', 'outlier', 'outlier', 'outlier', 'outlier', 'outlier', 'outlier', 'a', 'outlier', 'outlier', 'outlier', 'outlier', 'outlier', 'outlier', 'outlier', 'outlier', 'outlier', 'outlier', 'outlier', 'outlier']"
0.25,"['outlier', 'outlier', 'outlier', 'outlier', 'outlier', 'outlier', 'outlier', 'outlier', 'outlier', 'outlier', 'outlier', 'outlier', 'outlier', 'outlier', 'outlier', 'outlier', 'outlier', 'outlier', 'outlier', 'outlier', 'outlier', 'outlier', 'outlier', 'outlier', 'outlier', 'outlier', 'outlier', 'outlier', 'outlier', 'outlier', 'outlier', 'outlier', 'outlier', 'outlier', 'outlier', 'outlier', 'outlier', 'outlier', 'outlier', 'outlier', 'outlier', 'outlier', 'outlier', 'outlier', 'outlier', 'outlier', 'outlier', 'outlier', 'outlier', 'outlier', 'outlier', 'outlier', 'outlier', 'outlier', 'outlier', 'outlier', 'outlier', 'outlier', 'outlier', 'outlier', 'outlier', 'outlier', 'outlier', 'outlier', 'outlier', 'outlier', 'outlier', 'outlier', 'outlier', 'outlier', 'outlier', 'outlier', 'outlier', 'outlier', 'outlier', 'outlier', 'outlier', 'outlier', 'outlier', 'outlier', 'outlier', 'outlier', 'outlier', 'outlier', 'outlier', 'outlier', 'outlier', 'outlier', 'outlier', 'outlier', 'outlier', 'outlier', 'outlier', 'outlier', 'outlier', 'outlier', 'outlier', 'outlier', 'outlier', 'outlier', 'outlier', 'outlier', 'outlier', 'outlier', 'outlier', 'outlier', 'outlier', 'outlier', 'outlier', 'outlier', 'outlier', 'outlier', 'outlier', 'outlier', 'outlier', 'outlier', 'outlier', 'outlier', 'outlier', 'outlier', 'outlier', 'outlier', 'outlier', 'outlier', 'outlier', 'outlier', 'outlier', 'outlier', 'outlier', 'outlier', 'outlier', 'outlier', 'outlier', 'outlier', 'outlier', 'outlier', 'outlier', 'outlier', 'outlier', 'outlier', 'outlier', 'outlier', 'outlier', 'outlier', 'outlier', 'outlier', 'outlier', 'outlier', 'outlier', 'outlier', 'outlier', 'outlier', 'outlier', 'outlier', 'outlier', 'outlier', 'outlier', 'outlier', 'outlier', 'outlier', 'outlier', 'outlier', 'outlier', 'outlier', 'outlier', 'outlier', 'outlier', 'outlier', 'outlier', 'outlier', 'outlier', 'outlier', 'outlier', 'outlier', 'outlier', 'outlier', 'outlier', 'outlier', 'outlier', 'outlier', 'outlier', 'outlier', 'outlier', 'outlier', 'outlier', 'outlier', 'outlier', 'outlier', 'outlier', 'outlier', 'outlier', 'outlier', 'outlier', 'outlier', 'outlier', 'outlier', 'outlier', 'outlier', 'outlier', 'outlier', 'outlier', 'outlier', 'outlier', 'outlier', 'outlier', 'outlier', 'outlier', 'outlier', 'outlier', 'outlier', 'outlier', 'outlier', 'outlier', 'outlier', 'outlier', 'outlier', 'outlier', 'outlier', 'outlier', 'outlier', 'outlier', 'outlier', 'outlier', 'outlier', 'outlier', 'outlier', 'outlier', 'outlier', 'outlier', 'outlier', 'outlier', 'outlier', 'outlier', 'outlier', 'outlier', 'outlier', 'outlier', 'outlier', 'outlier', 'outlier', 'outlier', 'outlier', 'outlier', 'outlier', 'outlier', 'outlier', 'outlier', 'outlier', 'outlier', 'outlier', 'outlier', 'outlier', 'outlier', 'outlier', 'outlier', 'outlier', 'outlier', 'outlier', 'outlier', 'outlier', 'outlier', 'outlier', 'outlier', 'outlier', 'outlier', 'outlier', 'outlier', 'outlier', 'outlier', 'outlier', 'outlier', 'outlier', 'outlier', 'outlier', 'outlier', 'outlier', 'outlier', 'outlier', 'outlier', 'outlier', 'outlier', 'outlier', 'outlier', 'outlier', 'outlier', 'outlier', 'outlier', 'outlier', 'outlier', 'outlier', 'outlier', 'outlier', 'outlier', 'outlier', 'outlier', 'outlier', 'outlier', 'outlier', 'outlier', 'outlier', 'outlier', 'outlier', 'outlier', 'outlier', 'outlier', 'outlier', 'outlier', 'outlier', 'outlier', 'outlier', 'outlier', 'outlier', 'outlier', 'outlier', 'outlier', 'outlier', 'outlier', 'outlier', 'outlier', 'outlier', 'outlier', 'outlier', 'outlier', 'outlier', 'outlier', 'outlier', 'outlier', 'outlier', 'outlier', 'outlier', 'outlier', 'outlier', 'outlier', 'outlier', 'outlier', 'outlier', 'outlier', 'outlier', 'outlier', 'outlier', 'outlier', 'outlier', 'outlier']","['outlier', 'outlier', 'outlier', 'outlier', 'outlier', 'outlier', 'outlier', 'outlier', 'outlier', 'outlier', 'outlier', 'outlier', 'outlier', 'outlier', 'outlier', 'outlier', 'outlier', 'outlier', 'outlier', 'outlier', 'outlier', 'outlier', 'a', 'outlier', 'outlier', 'outlier', 'outlier', 'outlier', 'outlier', 'outlier', 'outlier', 'outlier', 'outlier', 'outlier', 'outlier', 'outlier', 'outlier', 'outlier', 'outlier', 'outlier', 'outlier', 'outlier', 'outlier', 'outlier', 'outlier', 'outlier', 'outlier', 'outlier', 'outlier', 'outlier', 'outlier', 'outlier', 'outlier', 'outlier', 'outlier', 'outlier', 'outlier', 'outlier', 'outlier', 'outlier', 'outlier', 'outlier', 'outlier', 'outlier', 'outlier', 'outlier', 'outlier', 'outlier', 'outlier', 'outlier', 'outlier', 'outlier', 'outlier', 'outlier', 'outlier', 'outlier', 'outlier', 'outlier', 'outlier', 'outlier', 'outlier', 'outlier', 'outlier', 'outlier', 'outlier', 'outlier', 'outlier', 'outlier', 'outlier', 'outlier', 'outlier', 'outlier', 'outlier', 'outlier', 'outlier', 'a', 'outlier', 'outlier', 'outlier', 'outlier', 'outlier', 'outlier', 'outlier', 'outlier', 'outlier', 'outlier', 'outlier', 'outlier', 'outlier', 'outlier', 'outlier', 'outlier', 'outlier', 'outlier', 'outlier', 'outlier', 'outlier', 'outlier', 'outlier', 'outlier', 'outlier', 'outlier', 'outlier', 'outlier', 'outlier', 'outlier', 'outlier', 'outlier', 'outlier', 'outlier', 'outlier', 'outlier', 'outlier', 'outlier', 'outlier', 'outlier', 'outlier', 'outlier', 'outlier', 'outlier', 'outlier', 'outlier', 'outlier', 'outlier', 'outlier', 'outlier', 'outlier', 'outlier', 'outlier', 'outlier', 'outlier', 'outlier', 'outlier', 'outlier', 'outlier', 'outlier', 'outlier', 'outlier', 'outlier', 'outlier', 'outlier', 'outlier', 'outlier', 'outlier', 'outlier', 'outlier', 'outlier', 'outlier', 'outlier', 'outlier', 'outlier', 'outlier', 'outlier', 'outlier', 'outlier', 'outlier', 'outlier', 'outlier', 'outlier', 'outlier', 'outlier', 'outlier', 'outlier', 'outlier', 'outlier', 'outlier', 'outlier', 'outlier', 'outlier', 'outlier', 'outlier', 'outlier', 'outlier', 'outlier', 'outlier', 'outlier', 'outlier', 'outlier', 'outlier', 'outlier', 'outlier', 'outlier', 'outlier', 'outlier', 'outlier', 'outlier', 'outlier', 'outlier', 'outlier', 'outlier', 'outlier', 'outlier', 'outlier', 'outlier', 'outlier', 'outlier', 'outlier', 'outlier', 'outlier', 'outlier', 'outlier', 'outlier', 'outlier', 'outlier', 'outlier', 'outlier', 'outlier', 'outlier', 'outlier', 'outlier', 'outlier', 'outlier', 'outlier', 'outlier', 'outlier', 'outlier', 'outlier', 'outlier', 'outlier', 'outlier', 'outlier', 'outlier', 'outlier', 'outlier', 'outlier', 'outlier', 'outlier', 'outlier', 'outlier', 'outlier', 'outlier', 'outlier', 'outlier', 'outlier', 'outlier', 'outlier', 'outlier', 'outlier', 'outlier', 'outlier', 'outlier', 'outlier', 'outlier', 'outlier', 'outlier', 'outlier', 'outlier', 'outlier', 'outlier', 'outlier', 'outlier', 'outlier', 'outlier', 'outlier', 'outlier', 'outlier', 'outlier', 'outlier', 'outlier', 'outlier', 'outlier', 'outlier', 'outlier', 'outlier', 'outlier', 'outlier', 'outlier', 'outlier', 'outlier', 'outlier', 'outlier', 'outlier', 'outlier', 'outlier', 'outlier', 'outlier', 'outlier', 'outlier', 'outlier', 'outlier', 'outlier', 'outlier', 'outlier', 'outlier', 'outlier', 'outlier', 'outlier', 'outlier', 'outlier', 'outlier', 'outlier', 'outlier', 'outlier', 'outlier', 'outlier', 'outlier', 'outlier', 'outlier', 'outlier', 'outlier', 'outlier', 'outlier', 'outlier', 'outlier', 'outlier', 'outlier', 'outlier', 'outlier', 'outlier', 'outlier', 'outlier', 'outlier', 'outlier', 'outlier', 'outlier', 'outlier', 'outlier', 'outlier', 'outlier', 'outlier', 'outlier', 'outlier', 'outlier']"
